user_id,listing_id,item_id,artist_id,admin_id,order_id
01KP6CF1S9CGD50YNGTPZJEGS7,01KP6BZVGZKKN5M25QA4VX7VV5,01KP6CTRZCAHAJ9QDC6HK803YE,01KP6CTRZDVKCFFTTZMDVQ0E6F,01KP6FTVGP3K33KD4K7CBE7JGH,01KP6CF1S9CGD50YNGTPZJEGS7
01KP6CF1SBB8JP1S3097XP6V7M,01KP6BZVH8STAY7XXV1J8HYHG8,01KP6CTRZDT0FAHPY286DQXAPY,01KP6CTRZDJGXF2PC090PA61XN,01KP6FTVGP57CZT264217EARAW,01KP6CF1SBB8JP1S3097XP6V7M
01KP6CF1SCSA53HPB9M4Q2VBBS,01KP6BZVH8BT6Y7MT2HZ525ZJ3,01KP6CTRZEZNR5BZH18BEKMZ8D,01KP6CTRZE6M7CRBTQDTQQMGE3,01KP6FTVGQS9Y3GE7F22X3XS8V,01KP6CF1SCSA53HPB9M4Q2VBBS
01KP6CF1SDKP5Z0FTHB7RMWCBX,01KP6BZVH96EE20A7M92N0H31S,01KP6CTRZE9G0TB7GT0P09T5KP,01KP6CTRZEY2B95BGSV9CRV46C,01KP6FTVGQDZF9BW2BWNYW9MDX,01KP6CF1SDKP5Z0FTHB7RMWCBX
01KP6CF1SDY19ARQ6E9M79NGP7,01KP6BZVH9BFQRBXEEAQ1CB7FT,01KP6CTRZFZHCT1VBHSZC27VG1,01KP6CTRZF2BP09ESCW88Z990P,01KP6FTVGRSG779XD4GEAKJEDN,01KP6CF1SDY19ARQ6E9M79NGP7
01KP6CF1SE9G99C1TGFP35ESN8,01KP6BZVHASPZN3PPPSF5S965E,01KP6CTRZF98NKJ31ZA7SNHSSX,01KP6CTRZF046RG5MGFS9NQM10,01KP6FTVGR0JXCVM903QCE6W8X,01KP6CF1SE9G99C1TGFP35ESN8
01KP6CF1SF3RKTG3V41GV0A38J,01KP6BZVHAEBYBZCCZDQSQ8GN1,01KP6CTRZG9WHHVNNK413N8TNC,01KP6CTRZGYD0JV7NMZFYDBHS7,01KP6FTVGSNG1SXB2KXJRXKCR9,01KP6CF1SF3RKTG3V41GV0A38J
01KP6CF1SFG2W8TWB7R2GJDQNK,01KP6BZVHB9VC55WD04016DGS7,01KP6CTRZGR9E8T4FK9M9EG0FW,01KP6CTRZGRESBDN9X2P5ZNEKT,01KP6FTVGSP0B75MG861AZ2KM0,01KP6CF1SFG2W8TWB7R2GJDQNK
01KP6CF1SGEK2ZGQ1GQRK95RCK,01KP6BZVHBQ6QHM4TVV0CA32EB,01KP6CTRZHA9G9E5E3GQ7T75QE,01KP6CTRZHAC6XA04N5CXQVZEQ,01KP6FTVGTVWY6MM6836MH2PCJ,01KP6CF1SGEK2ZGQ1GQRK95RCK
01KP6CF1SHZJS2G0CB14MEWAFY,01KP6BZVHC9RCN3GPA65X3P005,01KP6CTRZHMHWC1BM5BPR2FBJE,01KP6CTRZHG5HCDF94VFXW73J1,01KP6FTVGTJQ1X365ZNRW504E0,01KP6CF1SHZJS2G0CB14MEWAFY
01KP6CF1SHTAGMHQET7JFBH4KD,01KP6BZVHCDGEWYWJHP8DV8KF6,01KP6CTRZJPSQE6MD03WSZPPH5,01KP6CTRZJY8C3DSPZPPTZHTTY,01KP6FTVGVF8167Z7QQ5M5MHSS,01KP6CF1SHTAGMHQET7JFBH4KD
01KP6CF1SJA7Y5BA5NEXWWWRG5,01KP6BZVHDKB7E6Y9D7TZKMMXD,01KP6CTRZJTQ817Q05H5E0QEG6,01KP6CTRZJY0YJSYKQ3Y71J904,01KP6FTVGVY99C72RN9SG2RR8B,01KP6CF1SJA7Y5BA5NEXWWWRG5
01KP6CF1SKRZZWK6DH37EF1TBN,01KP6BZVHES76QMA99E1D4P2CF,01KP6CTRZKRZY082V6GQSG5ENM,01KP6CTRZKVZJ2PEQWF5DNEGDS,01KP6FTVGW577M8T3EZREXSQXC,01KP6CF1SKRZZWK6DH37EF1TBN
01KP6CF1SMYG6ACYGK8Q2HAP96,01KP6BZVHEQ0RX61RS0YAQ1WZZ,01KP6CTRZKEHBHC3DV2XC40AAQ,01KP6CTRZKNVBX0CJF9VJHRBAF,01KP6FTVGWG6A57S4XWDD0638V,01KP6CF1SMYG6ACYGK8Q2HAP96
01KP6CF1SM2YHR0CV3YVY8QEPT,01KP6BZVHFD3SE85EQ8WX7KM2F,01KP6CTRZMGXAM5J49VXP8BSM5,01KP6CTRZMA7345J9T8J83PB6E,01KP6FTVGX7AAS2VAHE5C9EH3M,01KP6CF1SM2YHR0CV3YVY8QEPT
01KP6CF1SN1SDSP5H8KC2S77Q2,01KP6BZVHFA0H33CYJD9X6V5YP,01KP6CTRZMAFW7JBPHR2P9AGQM,01KP6CTRZMVTGRW9VRB9YYX691,01KP6FTVGX20TF5RDFVM5B3SY4,01KP6CF1SN1SDSP5H8KC2S77Q2
01KP6CF1SPEJYRBMS3BM4X7231,01KP6BZVHGRDNWNGXNMGJ7VDM8,01KP6CTRZNBAA83CCNRCQ4R9E0,01KP6CTRZN47NEZVVYRHKNTVGE,01KP6FTVGY95KFV4EWG2NANRP3,01KP6CF1SPEJYRBMS3BM4X7231
01KP6CF1SPY05FC3AKN0H0WNQ1,01KP6BZVHG01CZ4ZQ9Q4XHQE96,01KP6CTRZNY3CGJWE7Q0CC6FAG,01KP6CTRZN4N74N553BNFE1ZN4,01KP6FTVGYCMPJCEKV2PHV59TT,01KP6CF1SPY05FC3AKN0H0WNQ1
01KP6CF1SQCS27KKDXC3HKF5YR,01KP6BZVHHND4REYH1ZVHGRXN6,01KP6CTRZPM07R6G4QEAWEBB24,01KP6CTRZP5VASPEHSE6BPQRZ6,01KP6FTVGZ9TMXRA84QNMSRWWR,01KP6CF1SQCS27KKDXC3HKF5YR
01KP6CF1SRFCEQZQEC8AN5HHKZ,01KP6BZVHH4VZNCTDT02GKERY0,01KP6CTRZP970HZW0DJ8YM7AZT,01KP6CTRZP60Q6YBNJJBARE3W5,01KP6FTVGZT8FAPGJH3ENP4QVD,01KP6CF1SRFCEQZQEC8AN5HHKZ
01KP6CF1SRW1SKKH9R6SBY5AK6,01KP6BZVHJM29MDVSEXS31VGB4,01KP6CTRZQMZ31E3RG1JJ5R6NF,01KP6CTRZQKJE6B9T0A52BFJ9Y,01KP6FTVH0D8578JBBHJ2565R4,01KP6CF1SRW1SKKH9R6SBY5AK6
01KP6CF1SS7MY9RX82H2SBTVE2,01KP6BZVHJY8WTHJRQ93C6MC7M,01KP6CTRZQEG506ZXMMRZ49VC1,01KP6CTRZQ0RA27PG4EQ2K587H,01KP6FTVH1JQTND4NEHMPVFH28,01KP6CF1SS7MY9RX82H2SBTVE2
01KP6CF1STA5ESGSQ7XFCAV844,01KP6BZVHKPNDQKRTJD1AW0G7W,01KP6CTRZR66115YZFY7KXPR3T,01KP6CTRZR8F61C8QMRRRTQ18S,01KP6FTVH1FCS1Y9F6E5P4PB8S,01KP6CF1STA5ESGSQ7XFCAV844
01KP6CF1STC3KQ4Z5EHC016W70,01KP6BZVHKYWEF7CM82ZDZS4TA,01KP6CTRZR4Z6CXFPA6Y8HZSZ0,01KP6CTRZRXZP7W218B595ZYK3,01KP6FTVH2XNQZNBNTXYP3XTHJ,01KP6CF1STC3KQ4Z5EHC016W70
01KP6CF1SV8QNE6TZCBC6ZXWCD,01KP6BZVHMCXPV940F60EYSMQ3,01KP6CTRZSY1Q22BY30WYNR1JY,01KP6CTRZSQSQAFZFJMH0TXR20,01KP6FTVH2ABVMTWR5P0PK680D,01KP6CF1SV8QNE6TZCBC6ZXWCD
01KP6CF1SWA66ZFKN2R3AEZD3Q,01KP6BZVHM83BYKV71PVSVR4XJ,01KP6CTRZSPCJ3X4HPWJ69CXPZ,01KP6CTRZSRS65PFTZGGWKQNY7,01KP6FTVH3GT7S2W5YRA65QQ0H,01KP6CF1SWA66ZFKN2R3AEZD3Q
01KP6CF1SXD4QG5Y79G9M3DEAM,01KP6BZVHNYR2NV3X67QGG86QS,01KP6CTRZTWDQ93R0A6WME1AXY,01KP6CTRZTT6KVDDE5BTQEYMXW,01KP6FTVH3QDWA8728704Z0Y18,01KP6CF1SXD4QG5Y79G9M3DEAM
01KP6CF1SX08VA70P45BZ2H1F7,01KP6BZVHNDDMT27M4QWWP830N,01KP6CTRZTGCX51CDSGTQGJMC9,01KP6CTRZTE0G4JMWD2B8C5YX7,01KP6FTVH4RZRYJXPM5MGH4PTN,01KP6CF1SX08VA70P45BZ2H1F7
01KP6CF1SYZ0Z4SS0Z3PM0XSXS,01KP6BZVHPJW3DPPJV756BF7CT,01KP6CTRZV48WVSAX5VJ23Q9DY,01KP6CTRZVDMK2P3FSHABR53X2,01KP6FTVH4J0ZNT3NZEQYKXSV0,01KP6CF1SYZ0Z4SS0Z3PM0XSXS
01KP6CF1SZDV0EWRXAJA11S2GY,01KP6BZVHQMFH9CANF3YMQ1GKT,01KP6CTRZVAM0PVMT605K8AXGJ,01KP6CTRZV93R842V1ED4PYVFA,01KP6FTVH5E6ZDJ5R5SK9Q8676,01KP6CF1SZDV0EWRXAJA11S2GY
01KP6CF1SZJAMWP0M1AJ0ZXH1N,01KP6BZVHQ0CEQKKJRTNQEFCQW,01KP6CTRZW8VEB886YXXJDETXJ,01KP6CTRZWZW5C40CDTJTCEM8G,01KP6FTVH5Z9G46B8TWA77A9BK,01KP6CF1SZJAMWP0M1AJ0ZXH1N
01KP6CF1T0R4PPJ3S0B29ZGZSV,01KP6BZVHRDZY3CBVENH1DRX90,01KP6CTRZW5XWG8VM0SN7EX0EM,01KP6CTRZW988ZNCVE99K8WA1E,01KP6FTVH662EG5K26R1N55D0P,01KP6CF1T0R4PPJ3S0B29ZGZSV
01KP6CF1T1RBRFT6T1E4FH0KKW,01KP6BZVHRE0CK1Y3NWC4EM1EW,01KP6CTRZXP4D87YQ5VK1AN16X,01KP6CTRZXSCZX2RZJ6R2T7MAE,01KP6FTVH6YMQZWZDNGQD440ZX,01KP6CF1T1RBRFT6T1E4FH0KKW
01KP6CF1T2RY70YKR3692D3BFY,01KP6BZVHSNKQEZDN4XFRG2EW2,01KP6CTRZXZQWVBCW90CH3WXR1,01KP6CTRZXCZFV8TY3FD3P9RRJ,01KP6FTVH7STFHEHHKWB68KDN5,01KP6CF1T2RY70YKR3692D3BFY
01KP6CF1T2YPC56MVKBV9YV13F,01KP6BZVHS2MKSMZ0T1REZPD3B,01KP6CTRZYEMEK6PGV3JZMGBV0,01KP6CTRZYDDH7C6ZXDXJJQH8K,01KP6FTVH7M90PPKNJHGFF5JPW,01KP6CF1T2YPC56MVKBV9YV13F
01KP6CF1T3ZHPZ217NGH9RKH6Z,01KP6BZVHT9NV7JE9FQEEC3DWN,01KP6CTRZY3NGGS78RTMP755GN,01KP6CTRZYN3H12J6N7VFQMRDZ,01KP6FTVH8W3DG2ZF8M9B6ZQKG,01KP6CF1T3ZHPZ217NGH9RKH6Z
01KP6CF1T492DEYQXMJ3JMPHQR,01KP6BZVHT3M97XEDER9T3TV04,01KP6CTRZZJQ2VA8KKPJ1JJREF,01KP6CTRZZJ8FRY54F6RRSSFM6,01KP6FTVH8XARXCFTBPT9MXKV8,01KP6CF1T492DEYQXMJ3JMPHQR
01KP6CF1T48MTDJ6M3VYPTG57Z,01KP6BZVHVF8M2Z30QVN0TRYHZ,01KP6CTRZZ3B1T9HP4QJZW2X3N,01KP6CTRZZCK74DPD5JPSPXPME,01KP6FTVH97SH65FKJ7X77EVD6,01KP6CF1T48MTDJ6M3VYPTG57Z
01KP6CF1T55VHD6WCGQQ5NVHQE,01KP6BZVHVPSED5Q2ZC99FPETV,01KP6CTS00X5H5A4ZXBSJBF97C,01KP6CTS00J7W5QMZ4ZX4W0RQH,01KP6FTVH9METSP7HJ10YV8GMR,01KP6CF1T55VHD6WCGQQ5NVHQE
01KP6CF1T6HZ0V5HXEAHN56NVS,01KP6BZVHW3J8296HXDQZAFKZC,01KP6CTS00DMV0133EKVFZN3BY,01KP6CTS00QC24TJ3FFAE17APY,01KP6FTVHAAFW8WJN7ED87HW48,01KP6CF1T6HZ0V5HXEAHN56NVS
01KP6CF1T6XRQQ6FWANMEE8D9X,01KP6BZVHWC6NKY6W160FA4Q06,01KP6CTS017KD99WF9SAFS1N5J,01KP6CTS01HAP7JP3EH6NES89P,01KP6FTVHABK5JBKJGXNB9J1ZZ,01KP6CF1T6XRQQ6FWANMEE8D9X
01KP6CF1T7WXTCFS0J50N8RHGY,01KP6BZVHXEXPKNCPBW88GN5KY,01KP6CTS02G4SE9DS908ZZ9881,01KP6CTS02CAJ5DSF64XTRBVNE,01KP6FTVHAEPPERZPKCV3ZMKEB,01KP6CF1T7WXTCFS0J50N8RHGY
01KP6CF1T8PCRHYZJHY16XN6S6,01KP6BZVHYEJF0XWNWDNZZQSZ2,01KP6CTS02Z2TBYYZ1AMND9RNH,01KP6CTS03PS752C0SWP6AV3DX,01KP6FTVHB3XEY5CHM4AMXBN6Y,01KP6CF1T8PCRHYZJHY16XN6S6
01KP6CF1T8C66F3Q3CHVERZMHQ,01KP6BZVHYKFE170VPEZD3QTVC,01KP6CTS03BYGWCQ16AQXZY1SR,01KP6CTS03TEHX4Q4FC7QZ74CA,01KP6FTVHBT2HMC08HZ63RQTC7,01KP6CF1T8C66F3Q3CHVERZMHQ
01KP6CF1T9778ACDV45VPNQX28,01KP6BZVHZJBMZY4TQBH8DAH33,01KP6CTS04DPQN8RZYKSST9YFY,01KP6CTS04JXEZ4VDVBC0A0C5V,01KP6FTVHC5QXZFBVJZT7PKPFR,01KP6CF1T9778ACDV45VPNQX28
01KP6CF1TA5NCWY05CM5Z94X47,01KP6BZVHZZ2AM4QKQWGV8QNJX,01KP6CTS05HHY6N9C79FFPXPC4,01KP6CTS05D5V4HCCMVFGXBNKK,01KP6FTVHCS00FNZW0FP7D1DWS,01KP6CF1TA5NCWY05CM5Z94X47
01KP6CF1TBP59ZST4GY1EH47P2,01KP6BZVJ0MNABEPG7MHQ59E8K,01KP6CTS06V0AD4CQQW8S42AFK,01KP6CTS06M44RX4FPRHQDA64D,01KP6FTVHDSQH453YC7Y3A8P35,01KP6CF1TBP59ZST4GY1EH47P2
01KP6CF1TBNZ7ZQ4SDD7VW58QK,01KP6BZVJ03JEG18R8KQKCWG20,01KP6CTS067S6DN6GQKCF3JDRJ,01KP6CTS06GPT0W5NN0YNVDC6F,01KP6FTVHDAQSFFNSFN564S754,01KP6CF1TBNZ7ZQ4SDD7VW58QK
01KP6CF1TCFZ14GEBDYSM10S4Q,01KP6BZVJ1V6KDN89VMD20A9JQ,01KP6CTS07FB9K3N17WSPEKQB8,01KP6CTS07GB1SKKK5FYHRTHJY,01KP6FTVHEKTVHQ2NVNWMYJ3QZ,01KP6CF1TCFZ14GEBDYSM10S4Q
01KP6CF1TDH553VYYKRTPXWMP7,01KP6BZVJ1GYW19PC5M3ZTX8BK,01KP6CTS07VZA8DHRPGFN77K4Y,01KP6CTS07AR73BS2GB8GCMZZ4,01KP6FTVHEK0WJG0FJNX6656Z7,01KP6CF1TDH553VYYKRTPXWMP7
01KP6CF1TDYMFEWJ3GT3AKB31D,01KP6BZVJ2180QGDEHAEP3T55K,01KP6CTS0857K3ENY4MH92FTPN,01KP6CTS08XA6VKQ125FWSBPKS,01KP6FTVHFJ235VA1TQ9WMR0MF,01KP6CF1TDYMFEWJ3GT3AKB31D
01KP6CF1TEKYSMEP3YHK43DTJT,01KP6BZVJ2EVNA0CHV4ZJAWYDV,01KP6CTS08QK37FVP1YZ64AHKN,01KP6CTS08FDM3311C0Z2Z89K7,01KP6FTVHFVPYR6NTCTX2866Y2,01KP6CF1TEKYSMEP3YHK43DTJT
01KP6CF1TF64KB8BA7RQN6GA0V,01KP6BZVJ3GXZK8AVTA4HWH2WR,01KP6CTS09Y2T92J16EVR7MCG3,01KP6CTS09RS5V4S1AW27D5SXJ,01KP6FTVHGAY0BHVW2AV1MRQV0,01KP6CF1TF64KB8BA7RQN6GA0V
01KP6CF1TG1VKSNSQPZ517JBDW,01KP6BZVJ3KFMJ3MT4BZK6DKGH,01KP6CTS09GB23J1239A5Y7AFN,01KP6CTS09XZTJT78MW3J8CHY7,01KP6FTVHG1Q8BS3GF2QZFSXS3,01KP6CF1TG1VKSNSQPZ517JBDW
01KP6CF1TGRH4X7AJ014N6DMTX,01KP6BZVJ469JVJTF3T5EG5X8Z,01KP6CTS0A4T270EKG99PHH561,01KP6CTS0A91RPEK9YFVFC5Z7Z,01KP6FTVHHSPDPXYWS7BPE0NZZ,01KP6CF1TGRH4X7AJ014N6DMTX
01KP6CF1THTB7BEF2TSWYP5XS0,01KP6BZVJ4TQF48ADDKFBGN017,01KP6CTS0AK4EG1EVBD40MEXJ5,01KP6CTS0AQ8WZJ807YHX173DP,01KP6FTVHH8YGAEE9QFRNDQ11J,01KP6CF1THTB7BEF2TSWYP5XS0
01KP6CF1TJZEYSPFKEWN3E924S,01KP6BZVJ5HSC99B7DF1R9FGWX,01KP6CTS0BF26S7D0BCMYKDQNE,01KP6CTS0BR2QC34EZ45Y8JW1K,01KP6FTVHJ594C6XRHYZYX4DTJ,01KP6CF1TJZEYSPFKEWN3E924S
01KP6CF1TJFCBEX4S4PX6A0ACN,01KP6BZVJ5VYDCFBNCR3ZMVCTC,01KP6CTS0BYRKTA4QJV8WRWFRT,01KP6CTS0BAZS67THH9S88TC27,01KP6FTVHJ4R83KEJ03949TM85,01KP6CF1TJFCBEX4S4PX6A0ACN
01KP6CF1TKWTKKSJEV94VNTHEM,01KP6BZVJ6AZ0A5DBS9NXRGF0Z,01KP6CTS0CJZYSJZDTT6EZDMZ6,01KP6CTS0C4QG6PXJ4YWHD28CC,01KP6FTVHK404HA8FHC79H0ZS1,01KP6CF1TKWTKKSJEV94VNTHEM
01KP6CF1TMVG0A4SNE33RX6TNR,01KP6BZVJ7Q19QR9NVGJQ8G9DP,01KP6CTS0CNNCJSKNYBVZGT2VZ,01KP6CTS0C5SRQNNCF1FFCCZVG,01KP6FTVHKSDQP0H5ES7EN12C8,01KP6CF1TMVG0A4SNE33RX6TNR
01KP6CF1TMB127HC0CRGQQP00N,01KP6BZVJ7D5H0XXMSKK9MRRG5,01KP6CTS0D9ASTJTA440AKRC2C,01KP6CTS0D6XP4913192TY09HR,01KP6FTVHM2DRR3AK1W0R0D6WZ,01KP6CF1TMB127HC0CRGQQP00N
01KP6CF1TNJQMRPAHQWFF9HE8G,01KP6BZVJ8RTTTVTQCPEPCRSBT,01KP6CTS0D311SA9Z7720PE920,01KP6CTS0DQQBPWW5K48ZEYJ5Q,01KP6FTVHMJ84SJ3ZYE3T0AV17,01KP6CF1TNJQMRPAHQWFF9HE8G
01KP6CF1TP8XNHCRG307SMVRET,01KP6BZVJ85P2KAJYX08QEJ45A,01KP6CTS0E6SC6CKDPEPK733ZK,01KP6CTS0ESR13T1R28PN2KH09,01KP6FTVHNDH9EYVV7H4T3DR7S,01KP6CF1TP8XNHCRG307SMVRET
01KP6CF1TQRTTRQN8XGD9S5NM3,01KP6BZVJ9TC3WJDZZ0AK0THRA,01KP6CTS0EBVN26J83SK9G5WWV,01KP6CTS0FM4GHETBRETQ0AQKV,01KP6FTVHNBSP3JQMZSR5HHJ7C,01KP6CF1TQRTTRQN8XGD9S5NM3
01KP6CF1TQFN33M2E177HESZ62,01KP6BZVJ9DQXDCRDEBVAP9ZCF,01KP6CTS0FQ4D4V2TAQPMCRVT4,01KP6CTS0F2CYAEVER51D4RAGP,01KP6FTVHPV8R351BC8S36K2NY,01KP6CF1TQFN33M2E177HESZ62
01KP6CF1TRVJ74XA907WFQGNTC,01KP6BZVJAQT0FQGWKC42Z7BWA,01KP6CTS0F6TMA3GJYG44YR9FT,01KP6CTS0FCH8H849EWK4TDVF4,01KP6FTVHP2XDR5GR5S8HKG3V9,01KP6CF1TRVJ74XA907WFQGNTC
01KP6CF1TS723Y93Y973GC8N1Y,01KP6BZVJAW2JMZGNKZGZ1552F,01KP6CTS0GD025XYQXA8SC3YZM,01KP6CTS0GYNW6EA2AHQMT2Q8B,01KP6FTVHQEEADNW3R3M1F3DAV,01KP6CF1TS723Y93Y973GC8N1Y
01KP6CF1TSBKFQH31FB4CBHQFS,01KP6BZVJBGJEMSP4EYWQKBER3,01KP6CTS0G0152YPFBP8A209WS,01KP6CTS0GE9335XHT6AQAAAMD,01KP6FTVHQ84S2Q68M957VE60W,01KP6CF1TSBKFQH31FB4CBHQFS
01KP6CF1TT25FZ6NXZFQX1C7VZ,01KP6BZVJBQHRHQSEJ3GGFBADK,01KP6CTS0HSF19H51G9CBPX1S7,01KP6CTS0HEXQ641V2RZ7MCFJH,01KP6FTVHRDXNV6KYHR3589MJH,01KP6CF1TT25FZ6NXZFQX1C7VZ
01KP6CF1TVGCVAAP7T2CXJH0Q2,01KP6BZVJCYGKFSX18E3FCMTKV,01KP6CTS0HXBV7HC4DVH8W03P6,01KP6CTS0JDR8RJRDSYS36ZDGV,01KP6FTVHR4HWRFJBX2NY8A282,01KP6CF1TVGCVAAP7T2CXJH0Q2
01KP6CF1TV9C9WB922041B5NS7,01KP6BZVJC7BPHFP9T5V6E6YJ2,01KP6CTS0JBFDQ59X77D70Z1Z3,01KP6CTS0JHCY2D22RSHDR27T9,01KP6FTVHSMH9KDJ6PSZ66W3T7,01KP6CF1TV9C9WB922041B5NS7
01KP6CF1TWNSGGSCJ1SWEEYDB9,01KP6BZVJD02VGX2EQFQSXY5NT,01KP6CTS0JDQ2421PZD9J29JVD,01KP6CTS0KEQG530EXFSH03PB4,01KP6FTVHS60FRV7C2RV6TJ3FS,01KP6CF1TWNSGGSCJ1SWEEYDB9
01KP6CF1TXP33W5KHR5QXVMPTN,01KP6BZVJD1BYYQRD8B8XPVPTR,01KP6CTS0KPEJ697HFX0SHNTKN,01KP6CTS0KW253VG9JC8QZB65F,01KP6FTVHTYR8TQ28RW47Z3KSZ,01KP6CF1TXP33W5KHR5QXVMPTN
01KP6CF1TX401F5YQCN4CX97DZ,01KP6BZVJENB6P0DNZS29YNM9K,01KP6CTS0W03NMJGNSZSZA64FN,01KP6CTS0W5RG00RANSQGD51FP,01KP6FTVHT000Y22KQNZV7MAJR,01KP6CF1TX401F5YQCN4CX97DZ
01KP6CF1TY15J16BGR8YHV6MYX,01KP6BZVJFRATZSW97TWJ6GJPW,01KP6CTS0XR9DEM32ZAED4T9HF,01KP6CTS0XW07Y2B6EERX8GMNE,01KP6FTVHVPMCMGWW14QNEFVCQ,01KP6CF1TY15J16BGR8YHV6MYX
01KP6CF1TZ6HCBCTV8DDV248TT,01KP6BZVJFMX48P3AT3M6M0TP4,01KP6CTS0XDKGY16N70NB13ZZF,01KP6CTS0XZ4QMA9H96JMAPVVQ,01KP6FTVHVCBGE665G13CY10BN,01KP6CF1TZ6HCBCTV8DDV248TT
01KP6CF1V0H4CYYBE2CV4HSQZS,01KP6BZVJG5DW8RF3DNCXTQVPV,01KP6CTS0Y0GPB411A2RXJXFNJ,01KP6CTS0YX2RJQNQC8DGZ11Z8,01KP6FTVHVXZEGVNTDZV9P0BPY,01KP6CF1V0H4CYYBE2CV4HSQZS
01KP6CF1V0EW91J3713WH4K934,01KP6BZVJGC3AD7CFHHTRSXV6V,01KP6CTS0Y8NVCG6N47KV7R4C1,01KP6CTS0YKPV2XAN9V1TJC93P,01KP6FTVHWBHG5F6K1KX4PZJS9,01KP6CF1V0EW91J3713WH4K934
01KP6CF1V1WNR6S3WMCY8ZAHQD,01KP6BZVJHQQMG201SPY8D9GS9,01KP6CTS0ZSPEDTW644KM1Y8V3,01KP6CTS0Z37EP95761QK4Q8X1,01KP6FTVHX9APEAE6P7NJGM587,01KP6CF1V1WNR6S3WMCY8ZAHQD
01KP6CF1V2520357Q2P49WVJPW,01KP6BZVJHVB0FAXGH74SAS8Q5,01KP6CTS0ZVZ5W1YKE7PMZFPDW,01KP6CTS0ZR2G4R8DJ9DKH15TJ,01KP6FTVHX13W8HKG2G9PQHTMB,01KP6CF1V2520357Q2P49WVJPW
01KP6CF1V2GDSGKZ5EC8RGHGM2,01KP6BZVJJ56B66H1R4XY56EW8,01KP6CTS107KDQ0WGQK5730ZZZ,01KP6CTS10GKEW340559AHW0VB,01KP6FTVHYS5N854E901QJJ7KF,01KP6CF1V2GDSGKZ5EC8RGHGM2
01KP6CF1V33MN1XNWQKQFWQR54,01KP6BZVJJT2GSPSAN35FMGG2Y,01KP6CTS10DSPY7BS5256GZCNX,01KP6CTS10TA5MBWH1HQX98G7R,01KP6FTVHYN0H6D4A8N059Z9TA,01KP6CF1V33MN1XNWQKQFWQR54
01KP6CF1V4ZVS3QRPMD9PT740E,01KP6BZVJK7A1EV6A7G84XZMAA,01KP6CTS11Q3HNJ23SPRT6D8WF,01KP6CTS11CVG7K03SGP1TTVBW,01KP6FTVHZXMRT04V70N8M8KPX,01KP6CF1V4ZVS3QRPMD9PT740E
01KP6CF1V4ZK0VW0DX6W26MYG7,01KP6BZVJK5FKHCFXDQP67W2AW,01KP6CTS11BB5W0EJE5SNQPWCC,01KP6CTS11K5NNRC4V3WB1VAY0,01KP6FTVHZEW7EPDQH04CVH0SV,01KP6CF1V4ZK0VW0DX6W26MYG7
01KP6CF1V5REM5VPAQ47Q17TJ0,01KP6BZVJMQKTN5G471AK95D93,01KP6CTS12RXP7EMSA7CRKV93C,01KP6CTS12PYMVFTCJV7GVSNCQ,01KP6FTVJ07Z4XN0282C5Y2ME8,01KP6CF1V5REM5VPAQ47Q17TJ0
01KP6CF1V6Z9XN7438A9G9HKBM,01KP6BZVJMQX2WK0Y2NK3N70Q9,01KP6CTS12AN522NKY7CFM04GK,01KP6CTS12SZYR4A5QH887J1TG,01KP6FTVJ038AT0P9X6C8KVTCP,01KP6CF1V6Z9XN7438A9G9HKBM
01KP6CF1V6JP5D8GXA6XAA12MR,01KP6BZVJNRH10JX0JK2TEVZ0E,01KP6CTS134429D999XJZ2XMBF,01KP6CTS13Q5XXAWM6G8ZNG2TJ,01KP6FTVJ0QJJCF1GFWEE48Q20,01KP6CF1V6JP5D8GXA6XAA12MR
01KP6CF1V7YRC9SG6XRGR4KAW4,01KP6BZVJNDN3758R47JSPQV9R,01KP6CTS13JHBFH4CRHH7T85TP,01KP6CTS136MP3K1DAN3QY6SB7,01KP6FTVJ1BM7QPN38M6AAZXAR,01KP6CF1V7YRC9SG6XRGR4KAW4
01KP6CF1V800R2K3G06CS0XZ8V,01KP6BZVJPWQRN74QNCM7EKKA0,01KP6CTS14R7K9W38M6V54R8EY,01KP6CTS14RKVHX0QSPRST89HR,01KP6FTVJ1G3MPZRR4KZNF6JGG,01KP6CF1V800R2K3G06CS0XZ8V
01KP6CF1V9GZ1NVCXRCZJY8W9Y,01KP6BZVJPETQ84W8W9TXHT0G1,01KP6CTS1435VQ2V1AB6BSRVPQ,01KP6CTS14N9Q8FAG30010Z9Y0,01KP6FTVJ2G7CV6GHK6A806C8J,01KP6CF1V9GZ1NVCXRCZJY8W9Y
01KP6CF1V9923K1XB05MQ9XC9T,01KP6BZVJQ6V7YW1RYBKCD7SE2,01KP6CTS15JJ2PTWNVSTDYPSD2,01KP6CTS15GMWKG404WWHJ287S,01KP6FTVJ25DFRVNK61F4S5ZV6,01KP6CF1V9923K1XB05MQ9XC9T
01KP6CF1VA637JVB79B513FAJM,01KP6BZVJQSN7XGNA4G2YRWSYJ,01KP6CTS150G0N7H3EMEEAPXJY,01KP6CTS15PQXNZYGH1HJZ1FNY,01KP6FTVJ3552VM22TZ4NN3J4Z,01KP6CF1VA637JVB79B513FAJM
01KP6CF1VBRWRXN4X3FC4XVJ0M,01KP6BZVJRS0DVJAKKPSQ6RPGV,01KP6CTS160WTMANX0YKNAKTWA,01KP6CTS16J3ZMBQC6RVJ7MYDR,01KP6FTVJ3N8G3NC9DB6JSE6DB,01KP6CF1VBRWRXN4X3FC4XVJ0M
01KP6CF1VC8CAS8ETD9AXY4R6P,01KP6BZVJSA8GYFR1ABDD56FGB,01KP6CTS16K720AD1NH3PRFJRD,01KP6CTS16DJAB472XGHZ5SR0A,01KP6FTVJ43EYW9298N4W4GFNE,01KP6CF1VC8CAS8ETD9AXY4R6P
01KP6CF1VCY8KPG5NG3S0ZW06K,01KP6BZVJS50J06S9TV3TWEAR2,01KP6CTS17DWRR66M4H2CNQ5HX,01KP6CTS17FCGTZJQSW8K7R8XV,01KP6FTVJ4YYJCH7ARME3QPQ8V,01KP6CF1VCY8KPG5NG3S0ZW06K
01KP6CF1VDD18PC39RKVJ23MJ6,01KP6BZVJT9W8A54RS0HX6SQKR,01KP6CTS179W9MQ3STMN3MMT2K,01KP6CTS18JD60M0KX70FTRKKY,01KP6FTVJ5M91C74K95889RESF,01KP6CF1VDD18PC39RKVJ23MJ6
01KP6CF1VEAK54YE6E7JYD137S,01KP6BZVJT16NCC99HFXB87YHD,01KP6CTS18JXY4E8Q2VX2DAACA,01KP6CTS18GP3VK01AE71R95CF,01KP6FTVJ5CQP1D391TQ2SZ6T5,01KP6CF1VEAK54YE6E7JYD137S
01KP6CF1VERQRHFDHA6MQP2MQG,01KP6BZVJVEJQR8HCPJC5Z70QA,01KP6CTS18NRC42CMDA94S15CZ,01KP6CTS19RN75G9KMWA1XDW18,01KP6FTVJ6C9KJMJX4Y7FNXWCC,01KP6CF1VERQRHFDHA6MQP2MQG
01KP6CF1VFDK1STHFW0WPSH6Z2,01KP6BZVJVD77QW0VPHV9BCG42,01KP6CTS19VEGAV7D41ZC78NJT,01KP6CTS19VBQCQ2GNCHP237WX,01KP6FTVJ6XC96WFJWE65YY2DT,01KP6CF1VFDK1STHFW0WPSH6Z2
01KP6CF1VGSK6NS8WKCM976J02,01KP6BZVJWFCGZCP0Y8CNXMQBM,01KP6CTS1AS43E4BR7HEYRDS3H,01KP6CTS1A4GMQSYYA2Y19VSMS,01KP6FTVJ7MN6GP0AGWPYDHGC2,01KP6CF1VGSK6NS8WKCM976J02
01KP6CF1VG33GQP8YX1ASPESSM,01KP6BZVJW0MT4NGFXZ9RXHH24,01KP6CTS1AJ9EFM3HWCS98ABST,01KP6CTS1AR5C164FF002TEQZG,01KP6FTVJ7036FRYV1X7K6RCZ1,01KP6CF1VG33GQP8YX1ASPESSM
01KP6CF1VHRNP23ZZZR0HR59WA,01KP6BZVJXV5FQX957R7E95C5Y,01KP6CTS1BDAG1X9HC0WMRC1Z6,01KP6CTS1B1GB2E9YB1J9SA6CZ,01KP6FTVJ7DW9WFVDF5JH1WTNP,01KP6CF1VHRNP23ZZZR0HR59WA
01KP6CF1VJZZQ703E0ADY3P2G5,01KP6BZVJXH3K6QY9EJYN86NWE,01KP6CTS1B5KCAM6ZK31D8X0K5,01KP6CTS1BCR1Z12FCMDG8TG26,01KP6FTVJ8QJ8PW86RF8HA7W68,01KP6CF1VJZZQ703E0ADY3P2G5
01KP6CF1VJ0GBM92WQVYFFQR9M,01KP6BZVJY9X969YDA3R3B9JTD,01KP6CTS1C8CWEHMCTZFNXK010,01KP6CTS1CQZE4ATW7ERPWMPKT,01KP6FTVJ8TBT9WAZ4VTF6NW34,01KP6CF1VJ0GBM92WQVYFFQR9M
01KP6CF1VKWPN9RZHPQM6477E3,01KP6BZVJY1SHE8EF924EXD6VG,01KP6CTS1CAHXFA94V4397H71D,01KP6CTS1CPPRQC1B6DMH1MV2F,01KP6FTVJ9E9P1BW7PAPD6E3KW,01KP6CF1VKWPN9RZHPQM6477E3
01KP6CF1VMF98VQMG9HFEGJV1G,01KP6BZVJZW7HX9G0XE4XCPKN5,01KP6CTS1D7RF0JW1ZRSPY04PG,01KP6CTS1DJ7ZHVZ6S9QNH5DS7,01KP6FTVJ9MYKZ56T3A8MDT6QJ,01KP6CF1VMF98VQMG9HFEGJV1G
01KP6CF1VMFPX7VZCAC63R3FZ8,01KP6BZVJZP499MCA2DAHQ0Z7S,01KP6CTS1D2SKEQP17YSBY788E,01KP6CTS1D8KZHEDTSVENWPWHW,01KP6FTVJAXFGMYMZ5K99MKZQQ,01KP6CF1VMFPX7VZCAC63R3FZ8
01KP6CF1VNPG2JVX1QMGHRKK6Q,01KP6BZVK0V3TAXDV56PWHZCW3,01KP6CTS1ETZGCWF4WMWSXSXJ1,01KP6CTS1EJ2RBKJ8M6MA010VJ,01KP6FTVJAA6DM6NV52F2C9DHE,01KP6CF1VNPG2JVX1QMGHRKK6Q
01KP6CF1VPNFEE2JQWQR7M3NZ3,01KP6BZVK07YQPWFGVZD99HSD1,01KP6CTS1E7YVR9Z9KQAWDWAY3,01KP6CTS1EYQHCAF6JA0CBP2NP,01KP6FTVJBFWXC9TBSFAPXPCZS,01KP6CF1VPNFEE2JQWQR7M3NZ3
01KP6CF1VQQHHSCDZD9TDZAGYK,01KP6BZVK1Q1BMQFFGEXV2XQVZ,01KP6CTS1FX5DGNAWQNJ348P1W,01KP6CTS1F0XMETH53CYH9XPRZ,01KP6FTVJBP3GZ74FTTF8J1F38,01KP6CF1VQQHHSCDZD9TDZAGYK
01KP6CF1VQTV0YYT449MGKAQHR,01KP6BZVK1S7C3853K94S0027H,01KP6CTS1FVYXQE7DZ8T7NQEYF,01KP6CTS1F0RZJKZ1TM33MFHPT,01KP6FTVJCDJN2CXDHAJAN78B2,01KP6CF1VQTV0YYT449MGKAQHR
01KP6CF1VRTBFR5SFYSZRD20FR,01KP6BZVK294V737JYJHMC4NC1,01KP6CTS1GMWXKWQ62NN74NDTJ,01KP6CTS1GR12GT0ADF1JW20KF,01KP6FTVJCGYDGJXTX3M7NXG5N,01KP6CF1VRTBFR5SFYSZRD20FR
01KP6CF1VS1JAD9DKEFHQSSJ0K,01KP6BZVK26NPZNZV5KJXC04XW,01KP6CTS1G2HFZ3CJC5W8RQJB8,01KP6CTS1GX9R0T1EBWEZAZBZ6,01KP6FTVJDNB7CR5Q6MVQ9RHCQ,01KP6CF1VS1JAD9DKEFHQSSJ0K
01KP6CF1VT2DP1QWSKFAQ47FR2,01KP6BZVK3Y3FFV05R9VG7BDN1,01KP6CTS1HK7B52CSQ9F0CP8EH,01KP6CTS1HBAWV0ERP9JTPDDKE,01KP6FTVJDNN8Y824XFJYD10Q8,01KP6CF1VT2DP1QWSKFAQ47FR2
01KP6CF1VT4WR47EQ4YMAPDXS2,01KP6BZVK3S794GMX6MQP77YWZ,01KP6CTS1HZ8XF11SZNTY854Z9,01KP6CTS1HCYA6GP3KAMJF9CAK,01KP6FTVJE80J3846PDFHQYDMB,01KP6CF1VT4WR47EQ4YMAPDXS2
01KP6CF1VV179A4H6BEYV8CNQJ,01KP6BZVK4C8DAKRY46GXKYAW7,01KP6CTS1JYFNBC99SWX0RY22W,01KP6CTS1J78H69EFH85QSV2EB,01KP6FTVJE4Q2FH1BW3CMQ4BZB,01KP6CF1VV179A4H6BEYV8CNQJ
01KP6CF1VWADT36JA7PKS8Z8ZA,01KP6BZVK4MXMRGAHHQT3Q0G7J,01KP6CTS1J8BB8QCS3NX0NWQAD,01KP6CTS1JA34MH8RKWDGX0KD4,01KP6FTVJFB33VAFHAK72DRC1A,01KP6CF1VWADT36JA7PKS8Z8ZA
01KP6CF1VWDEXN6Y10HTY27NDM,01KP6BZVK5ENR8WPH8SYS64GNG,01KP6CTS1KSFHXAKV43H278SJ1,01KP6CTS1K8DBNSC26BXZ059C3,01KP6FTVJFM27J2KKRW5B5XHEA,01KP6CF1VWDEXN6Y10HTY27NDM
01KP6CF1VX1K2MHM6X8CC10SRJ,01KP6BZVK5362Y8CP6949267G9,01KP6CTS1KFYK41N2ZDBAK81SS,01KP6CTS1KHKGMDAS8WJ0MDV4T,01KP6FTVJGQHF8T6XMBCK1HE45,01KP6CF1VX1K2MHM6X8CC10SRJ
01KP6CF1VYS1HMVRRGTNB6F8T8,01KP6BZVK6T8YF11HVYVAV0D7K,01KP6CTS1M5CQWX9JXQYZ2ST6B,01KP6CTS1MKD82WRMBS4B0WMZH,01KP6FTVJGE0QB5PWSKR4D4819,01KP6CF1VYS1HMVRRGTNB6F8T8
01KP6CF1VY04D157XYMAYHJ07J,01KP6BZVK61GGR354MP0DP1N79,01KP6CTS1M2QNKF9W2J3RTWR5Q,01KP6CTS1MNX4YHAKNBJ72AYQM,01KP6FTVJGJDFSEVN6K7T023XY,01KP6CF1VY04D157XYMAYHJ07J
01KP6CF1VZ6G0JP679NG7C7Q2T,01KP6BZVK74JZ31HETZ6EXXAD7,01KP6CTS1N4XANJ2HWXDN97WE0,01KP6CTS1NJT43N39ATGKA63ZJ,01KP6FTVJHRMF8H0ZWWN5XRRMD,01KP6CF1VZ6G0JP679NG7C7Q2T
01KP6CF1W0SM11CZPF1MMY0V34,01KP6BZVK7A4KRT2C3RPEDP2DP,01KP6CTS1NZQTD5BND3FHN3MZ5,01KP6CTS1N9661HZQY3XA3A7F2,01KP6FTVJH2CXZ766YYPPTC0EG,01KP6CF1W0SM11CZPF1MMY0V34
01KP6CF1W1X9W865C25GVVGSHT,01KP6BZVK8QN56XMKKYEB6YH4N,01KP6CTS1P17MAPNDHBD3E9TSC,01KP6CTS1P2G93HETJHJV2K0Y2,01KP6FTVJJ2X3Q73XQX298KKZ2,01KP6CF1W1X9W865C25GVVGSHT
01KP6CF1W1FQKW824F4JCDDFHA,01KP6BZVK8GVA91ZFCAMP5553R,01KP6CTS1P839DBVGP7CYK5EZ1,01KP6CTS1PP14JA118CS7YE0SF,01KP6FTVJJC8YYQ0ESC1Z9AFXK,01KP6CF1W1FQKW824F4JCDDFHA